Workbook

Sheet Profile & Calculator
A1: PERSONAL HEALTH & FITNESS TRACKER
A3: PERSONAL INFORMATION
A4: Name | B4: Divya
A5: Age | B5: 22
A6: Gender | B6: Female
A7: Height(cm) | B7: 158
A8: Weight(kg) | B8: 60
A9: Goal | B9: General Fitness
A11: HEALTH CALCULATIONS
A12: BMI | B12: =B8/((B7/100)^2) -> 24.03461
A13: BMI Category | B13: =IF(B12<18.5,"Underweight",IF(B12<25,"Normal",IF(B12<30,"Overweight","Obesity"))) -> Normal
A14: Ideal Weight-min | B14: =18.5*((B7/100)^2) -> 46.1834
A15: Ideal Weight-max | B15: =24.9*((B7/100)^2) -> 62.16036
A16: Protein Target | B16: =B8*1.2 -> 72
A17: Protein unit | B17: g/day
A18: Water Target | B18: 2.5
A19: Target Steps | B19: 7500

Sheet Daily Tracker
A1: Date | B1: Water(L) | C1: Steps | D1: Exercise(min) | E1: Protein(g) | F1: Sleep(Hrs) | G1: Calories | H1: Water Target | I1: Water Status | J1: Step Target | K1: Step Status | L1: Sleep Target | M1: Sleep Status | N1: Protein Target | O1: Protein Status | P1: Overall Status | Q1: OR
A2: 46275 | B2: 2 | C2: 6500 | D2: 30 | E2: 70 | F2: 7 | G2: 1900 | H2: ='Profile & Calculator'!$B$18 -> 2.5 | I2: =IF(B2>=H2,"Target Met","Below Target") -> Below Target | J2: ='Profile & Calculator'!$B$19 -> 7500 | K2: =IF(C2>=J2,"Target Met","below Target") -> below Target | L2: 6.5 | M2: =IF(F2>=6.5,"Target Met","Below Target") -> Target Met | N2: ='Profile & Calculator'!$B$16 -> 72 | O2: =IF(E2>=N2,"Target Met","Below Target") -> Below Target | P2: =IF(AND(B2>=H2,C2>=J2),"ALL TARGETS MET","NEEDS IMPROVEMENT") -> NEEDS IMPROVEMENT | Q2: =IF(OR(B2>=H2,C2>=J2),"At Least One Target Met","Neither Target Met") -> Neither Target Met
A3: 46276 | B3: 2.5 | C3: 8200 | D3: 45 | E3: 85 | F3: 8 | G3: 2050 | H3: ='Profile & Calculator'!$B$18 -> 2.5 | I3: =IF(B3>=H3,"Target Met","Below Target") -> Target Met | J3: ='Profile & Calculator'!$B$19 -> 7500 | K3: =IF(C3>=J3,"Target Met","below Target") -> Target Met | L3: 6.5 | M3: =IF(F3>=6.5,"Target Met","Below Target") -> Target Met | N3: ='Profile & Calculator'!$B$16 -> 72 | O3: =IF(E3>=N3,"Target Met","Below Target") -> Target Met | P3: =IF(AND(B3>=H3,C3>=J3),"ALL TARGETS MET","NEEDS IMPROVEMENT") -> ALL TARGETS MET | Q3: =IF(OR(B3>=H3,C3>=J3),"At Least One Target Met","Neither Target Met") -> At Least One Target Met
A4: 46277 | B4: 1.8 | C4: 5000 | D4: 20 | E4: 65 | F4: 6.5 | G4: 2200 | H4: ='Profile & Calculator'!$B$18 -> 2.5 | I4: =IF(B4>=H4,"Target Met","Below Target") -> Below Target | J4: ='Profile & Calculator'!$B$19 -> 7500 | K4: =IF(C4>=J4,"Target Met","below Target") -> below Target | L4: 6.5 | M4: =IF(F4>=6.5,"Target Met","Below Target") -> Target Met | N4: ='Profile & Calculator'!$B$16 -> 72 | O4: =IF(E4>=N4,"Target Met","Below Target") -> Below Target | P4: =IF(AND(B4>=H4,C4>=J4),"ALL TARGETS MET","NEEDS IMPROVEMENT") -> NEEDS IMPROVEMENT | Q4: =IF(OR(B4>=H4,C4>=J4),"At Least One Target Met","Neither Target Met") -> Neither Target Met
A5: 46278 | B5: 2.3 | C5: 7500 | D5: 35 | E5: 78 | F5: 7.5 | G5: 2000 | H5: ='Profile & Calculator'!$B$18 -> 2.5 | I5: =IF(B5>=H5,"Target Met","Below Target") -> Below Target | J5: ='Profile & Calculator'!$B$19 -> 7500 | K5: =IF(C5>=J5,"Target Met","below Target") -> Target Met | L5: 6.5 | M5: =IF(F5>=6.5,"Target Met","Below Target") -> Target Met | N5: ='Profile & Calculator'!$B$16 -> 72 | O5: =IF(E5>=N5,"Target Met","Below Target") -> Target Met | P5: =IF(AND(B5>=H5,C5>=J5),"ALL TARGETS MET","NEEDS IMPROVEMENT") -> NEEDS IMPROVEMENT | Q5: =IF(OR(B5>=H5,C5>=J5),"At Least One Target Met","Neither Target Met") -> At Least One Target Met
A6: 46279 | B6: 2.7 | C6: 9200 | D6: 50 | E6: 90 | F6: 8.5 | G6: 1950 | H6: ='Profile & Calculator'!$B$18 -> 2.5 | I6: =IF(B6>=H6,"Target Met","Below Target") -> Target Met | J6: ='Profile & Calculator'!$B$19 -> 7500 | K6: =IF(C6>=J6,"Target Met","below Target") -> Target Met | L6: 6.5 | M6: =IF(F6>=6.5,"Target Met","Below Target") -> Target Met | N6: ='Profile & Calculator'!$B$16 -> 72 | O6: =IF(E6>=N6,"Target Met","Below Target") -> Target Met | P6: =IF(AND(B6>=H6,C6>=J6),"ALL TARGETS MET","NEEDS IMPROVEMENT") -> ALL TARGETS MET | Q6: =IF(OR(B6>=H6,C6>=J6),"At Least One Target Met","Neither Target Met") -> At Least One Target Met
A7: 46280 | B7: 2.1 | C7: 6800 | D7: 40 | E7: 72 | F7: 7 | G7: 2100 | H7: ='Profile & Calculator'!$B$18 -> 2.5 | I7: =IF(B7>=H7,"Target Met","Below Target") -> Below Target | J7: ='Profile & Calculator'!$B$19 -> 7500 | K7: =IF(C7>=J7,"Target Met","below Target") -> below Target | L7: 6.5 | M7: =IF(F7>=6.5,"Target Met","Below Target") -> Target Met | N7: ='Profile & Calculator'!$B$16 -> 72 | O7: =IF(E7>=N7,"Target Met","Below Target") -> Target Met | P7: =IF(AND(B7>=H7,C7>=J7),"ALL TARGETS MET","NEEDS IMPROVEMENT") -> NEEDS IMPROVEMENT | Q7: =IF(OR(B7>=H7,C7>=J7),"At Least One Target Met","Neither Target Met") -> Neither Target Met
A8: 46281 | B8: 2.4 | C8: 8500 | D8: 45 | E8: 82 | F8: 8 | G8: 2000 | H8: ='Profile & Calculator'!$B$18 -> 2.5 | I8: =IF(B8>=H8,"Target Met","Below Target") -> Below Target | J8: ='Profile & Calculator'!$B$19 -> 7500 | K8: =IF(C8>=J8,"Target Met","below Target") -> Target Met | L8: 6.5 | M8: =IF(F8>=6.5,"Target Met","Below Target") -> Target Met | N8: ='Profile & Calculator'!$B$16 -> 72 | O8: =IF(E8>=N8,"Target Met","Below Target") -> Target Met | P8: =IF(AND(B8>=H8,C8>=J8),"ALL TARGETS MET","NEEDS IMPROVEMENT") -> NEEDS IMPROVEMENT | Q8: =IF(OR(B8>=H8,C8>=J8),"At Least One Target Met","Neither Target Met") -> At Least One Target Met
A11: WEEKLY SUMMARY
A12: Total Water | C12: =SUM(B2:B8) -> 15.8
A13: Average Water | C13: =AVERAGE(B2:B8) -> 2.2571429
A14: Total Exercise | C14: =SUM(Table1[Exercise(min)]) -> 265
A15: Average Exercise | C15: =AVERAGE(Table1[Exercise(min)]) -> 37.857143
A16: Average Steps | C16: =AVERAGE(Table1[Steps]) -> 7385.7143
A17: Highest Steps | C17: =MAX(Table1[Steps]) -> 9200
A18: Lowest Steps | C18: =MIN(Table1[Steps]) -> 5000
A19: Average Protein | C19: =AVERAGE(Table1[Protein(g)]) -> 77.428571
A20: Highest Protein | C20: =MAX(Table1[Protein(g)]) -> 90
A21: Lowest Protein | C21: =MIN(Table1[Protein(g)]) -> 65
A22: Days Recorded | C22: =COUNT(Table1[Date]) -> 7

Sheet Exercise PlanGoal_x0009_Activity Leve
A1: Goal | B1: Activity Level | C1: Recommended Exercise
A2: General Fitness | B2: Beginner | C2: Walking + Full Body Strength
A3: General Fitness | B3: Moderate | C3: Strength + Cardio
A4: Weight Management | B4: Beginner | C4: Walking + Full Body Strength
A5: Weight Management | B5: Moderate | C5: Strength + Cardio
A6: Muscle Building | B6: Beginner | C6: Full Body Strength
A7: Muscle Building | B7: Moderate | C7: Strength Training
A10: Day | B10: Exercise | C10: Duration
A11: Monday | B11: Full Body Strength | C11: 30 min
A12: Tuesday | B12: Walking/Cardio | C12: 30 min
A13: Wednesday | B13: Lower Body Strength | C13: 30 min
A14: Thursday | B14: Walking/Cardio | C14: 30 min
... A17: Sunday | B17: Rest | C17: —
